timesteps,wall_time,num_episodes,max_episode_rewards,mean_episode_rewards,min_episode_rewards,max_episode_len,mean_episode_len,min_episode_len
32768.0,20.755974292755127,378.0,11.0,1.4700000286102295,0.0,148.0,70.61,25.0
65536.0,37.679675817489624,802.0,13.0,1.590000033378601,0.0,225.0,74.84,18.0
98304.0,54.267475605010986,1216.0,9.0,1.3899999856948853,0.0,179.0,76.8,33.0
131072.0,71.05649852752686,1597.0,10.0,2.25,0.0,241.0,87.17,28.0
163840.0,87.56892609596252,1971.0,11.0,2.1500000953674316,0.0,253.0,88.58,24.0
196608.0,104.52635455131531,2331.0,13.0,2.200000047683716,0.0,202.0,87.78,29.0
229376.0,121.25453615188599,2678.0,18.0,2.859999895095825,0.0,224.0,95.75,36.0
262144.0,138.0030860900879,3029.0,12.0,3.130000114440918,0.0,196.0,98.65,44.0
294912.0,154.97377586364746,3374.0,16.0,3.319999933242798,0.0,181.0,91.68,21.0
327680.0,171.7322211265564,3709.0,17.0,3.380000114440918,0.0,250.0,96.92,14.0
360448.0,188.5022168159485,4055.0,14.0,3.2300000190734863,0.0,236.0,97.78,48.0
393216.0,205.58409810066223,4381.0,14.0,3.3499999046325684,0.0,218.0,103.82,49.0
425984.0,222.4751124382019,4709.0,11.0,3.140000104904175,0.0,238.0,99.86,15.0
458752.0,239.18045091629028,5028.0,18.0,3.3399999141693115,0.0,291.0,102.65,42.0
491520.0,256.10681343078613,5373.0,10.0,2.950000047683716,0.0,209.0,94.3,21.0
524288.0,272.7497503757477,5706.0,14.0,3.1500000953674316,0.0,243.0,99.28,49.0
557056.0,289.5389816761017,6026.0,11.0,3.059999942779541,0.0,236.0,95.89,15.0
589824.0,306.57316398620605,6355.0,12.0,3.7699999809265137,0.0,237.0,102.66,43.0
622592.0,323.44446897506714,6684.0,21.0,4.340000152587891,0.0,252.0,103.94,25.0
655360.0,340.33051919937134,6989.0,11.0,3.6500000953674316,0.0,240.0,100.9,47.0
688128.0,357.42315340042114,7299.0,11.0,3.4000000953674316,0.0,211.0,100.31,21.0
720896.0,374.3339886665344,7615.0,15.0,4.329999923706055,0.0,293.0,103.68,40.0
753664.0,391.1224377155304,7910.0,17.0,4.619999885559082,0.0,230.0,107.61,30.0
786432.0,407.86754417419434,8231.0,17.0,4.269999980926514,0.0,269.0,104.87,47.0
819200.0,424.8599908351898,8531.0,21.0,4.860000133514404,0.0,278.0,111.32,35.0
851968.0,441.73003363609314,8821.0,22.0,4.159999847412109,0.0,263.0,105.13,44.0
884736.0,458.69399905204773,9116.0,18.0,4.71999979019165,0.0,274.0,108.89,58.0
917504.0,475.63807463645935,9415.0,24.0,4.96999979019165,0.0,299.0,112.6,59.0
950272.0,493.3881821632385,9698.0,14.0,4.869999885559082,0.0,267.0,106.59,30.0
983040.0,510.2508816719055,9968.0,22.0,5.019999980926514,0.0,306.0,111.73,29.0
1015808.0,527.3355104923248,10246.0,29.0,6.389999866485596,0.0,478.0,132.44,21.0
1048576.0,544.4357566833496,10504.0,26.0,5.980000019073486,0.0,371.0,123.69,55.0
1081344.0,561.2864763736725,10750.0,21.0,6.190000057220459,0.0,286.0,130.44,55.0
1114112.0,578.2237284183502,11000.0,21.0,6.360000133514404,0.0,338.0,131.12,50.0
1146880.0,595.5439012050629,11251.0,22.0,5.960000038146973,0.0,286.0,124.38,45.0
1179648.0,612.5704324245453,11503.0,47.0,6.989999771118164,0.0,453.0,139.7,55.0
1212416.0,629.6140069961548,11742.0,21.0,6.480000019073486,0.0,405.0,143.0,50.0
1245184.0,646.794793844223,11984.0,22.0,7.199999809265137,0.0,390.0,139.51,50.0
1277952.0,663.8417210578918,12213.0,18.0,7.230000019073486,0.0,311.0,136.82,49.0
1310720.0,680.5666396617889,12446.0,25.0,6.800000190734863,0.0,427.0,141.74,47.0
1343488.0,697.386447429657,12662.0,22.0,6.25,0.0,404.0,134.62,18.0
1376256.0,714.2975516319275,12886.0,30.0,7.619999885559082,0.0,486.0,153.12,56.0
1409024.0,731.0792798995972,13117.0,23.0,7.260000228881836,0.0,366.0,153.97,54.0
1441792.0,747.7735555171967,13347.0,25.0,6.340000152587891,0.0,436.0,145.32,47.0
1474560.0,764.6115787029266,13551.0,28.0,7.369999885559082,0.0,359.0,148.41,48.0
1507328.0,781.5385293960571,13767.0,31.0,6.940000057220459,0.0,544.0,154.81,17.0
1540096.0,798.5804014205933,13976.0,29.0,7.239999771118164,0.0,422.0,160.46,37.0
1572864.0,815.5256180763245,14199.0,24.0,6.5,0.0,428.0,148.92,49.0
1605632.0,832.4847044944763,14421.0,28.0,7.679999828338623,0.0,420.0,158.0,39.0
1638400.0,849.5950944423676,14641.0,30.0,7.769999980926514,0.0,361.0,143.48,21.0
1671168.0,866.8533170223236,14855.0,43.0,7.659999847412109,0.0,431.0,137.66,46.0
1703936.0,883.8461194038391,15078.0,28.0,7.869999885559082,0.0,327.0,143.52,48.0
1736704.0,901.3213326931,15280.0,47.0,9.920000076293945,0.0,571.0,168.35,60.0
1769472.0,918.3588197231293,15504.0,30.0,8.550000190734863,0.0,396.0,143.2,46.0
1802240.0,935.1512966156006,15731.0,28.0,8.65999984741211,0.0,378.0,147.49,52.0
1835008.0,952.1807768344879,15947.0,47.0,9.199999809265137,0.0,565.0,157.08,62.0
1867776.0,969.0133485794067,16150.0,26.0,8.800000190734863,0.0,368.0,157.23,54.0
1900544.0,985.9812109470367,16347.0,31.0,8.960000038146973,0.0,418.0,159.57,53.0
1933312.0,1003.0954475402832,16563.0,40.0,9.010000228881836,0.0,429.0,151.16,44.0
1966080.0,1020.1161170005798,16750.0,37.0,10.850000381469727,0.0,462.0,172.73,45.0
1998848.0,1037.304707288742,16954.0,42.0,9.75,0.0,511.0,159.5,52.0
2031616.0,1054.2418191432953,17126.0,61.0,12.680000305175781,0.0,575.0,186.38,22.0
2064384.0,1071.175542831421,17317.0,38.0,11.329999923706055,0.0,574.0,180.79,62.0
2097152.0,1088.3927302360535,17517.0,51.0,9.970000267028809,0.0,571.0,163.82,45.0
2129920.0,1105.5095431804657,17699.0,53.0,12.100000381469727,1.0,493.0,179.36,46.0
2162688.0,1122.5987627506256,17874.0,43.0,10.470000267028809,0.0,560.0,176.61,61.0
2195456.0,1139.5550558567047,18061.0,43.0,11.529999732971191,0.0,445.0,178.12,57.0
2228224.0,1156.7776284217834,18219.0,49.0,11.59000015258789,0.0,557.0,183.45,55.0
2260992.0,1173.827288866043,18415.0,59.0,12.640000343322754,0.0,571.0,194.39,48.0
2293760.0,1190.6926970481873,18589.0,43.0,10.460000038146973,0.0,564.0,166.96,34.0
2326528.0,1207.8057174682617,18769.0,42.0,11.479999542236328,0.0,570.0,188.49,54.0
2359296.0,1224.8025531768799,18954.0,46.0,11.260000228881836,0.0,554.0,180.6,44.0
2392064.0,1241.567655324936,19119.0,51.0,12.15999984741211,0.0,567.0,195.34,44.0
2424832.0,1258.3954937458038,19292.0,44.0,10.859999656677246,0.0,542.0,187.99,49.0
2457600.0,1275.2358102798462,19477.0,43.0,12.020000457763672,0.0,573.0,188.61,62.0
2490368.0,1292.0911121368408,19639.0,47.0,12.819999694824219,1.0,569.0,201.55,47.0
2523136.0,1309.1165158748627,19821.0,42.0,12.260000228881836,0.0,499.0,186.61,49.0
2555904.0,1325.9943091869354,19996.0,45.0,10.930000305175781,0.0,570.0,174.43,56.0
2588672.0,1342.6877298355103,20181.0,42.0,11.569999694824219,1.0,571.0,185.64,46.0
2621440.0,1359.5389337539673,20353.0,49.0,10.5600004196167,0.0,550.0,172.08,48.0
2654208.0,1376.6087429523468,20522.0,37.0,11.039999961853027,0.0,485.0,188.55,60.0
2686976.0,1393.638619184494,20704.0,49.0,11.850000381469727,0.0,574.0,193.89,55.0
2719744.0,1410.4553439617157,20868.0,44.0,10.680000305175781,0.0,550.0,174.61,24.0
2752512.0,1427.3026988506317,21037.0,60.0,12.579999923706055,1.0,572.0,188.93,55.0
2785280.0,1444.497760295868,21208.0,48.0,12.069999694824219,0.0,569.0,189.62,46.0
2818048.0,1461.5963351726532,21392.0,50.0,12.289999961853027,0.0,572.0,187.86,50.0
2850816.0,1478.5477287769318,21563.0,56.0,13.050000190734863,0.0,572.0,193.39,58.0
2883584.0,1495.5371289253235,21737.0,62.0,12.630000114440918,0.0,543.0,189.8,56.0
2916352.0,1512.6654195785522,21909.0,41.0,12.6899995803833,0.0,538.0,192.88,58.0
2949120.0,1529.7624711990356,22074.0,53.0,13.359999656677246,1.0,571.0,200.51,60.0
2981888.0,1546.765064716339,22225.0,63.0,14.199999809265137,0.0,569.0,215.76,50.0
3014656.0,1563.9788966178894,22397.0,55.0,12.1899995803833,0.0,565.0,193.21,53.0
3047424.0,1581.027664899826,22569.0,61.0,12.75,1.0,574.0,186.55,53.0
3080192.0,1598.0008041858673,22713.0,51.0,13.949999809265137,0.0,573.0,209.59,57.0
3112960.0,1614.941524028778,22866.0,53.0,13.100000381469727,0.0,575.0,196.55,16.0
3145728.0,1631.6786677837372,23031.0,52.0,13.430000305175781,0.0,575.0,201.94,57.0
3178496.0,1648.564246892929,23187.0,47.0,13.880000114440918,0.0,574.0,205.05,16.0
3211264.0,1665.7888777256012,23332.0,60.0,14.720000267028809,0.0,572.0,212.13,25.0
3244032.0,1682.8312995433807,23478.0,62.0,14.420000076293945,1.0,570.0,207.87,61.0
3276800.0,1699.8848152160645,23648.0,60.0,16.510000228881836,0.0,574.0,231.6,48.0
3309568.0,1717.1274101734161,23798.0,55.0,14.979999542236328,0.0,577.0,218.53,57.0
3342336.0,1734.3484854698181,23956.0,43.0,12.949999809265137,0.0,576.0,197.7,44.0
3375104.0,1751.3774864673615,24115.0,66.0,14.40999984741211,1.0,574.0,202.11,47.0
3407872.0,1768.3571360111237,24274.0,57.0,13.819999694824219,0.0,574.0,208.81,59.0
3440640.0,1785.4348130226135,24435.0,61.0,15.539999961853027,1.0,576.0,217.64,60.0
3473408.0,1802.623855829239,24581.0,48.0,15.489999771118164,0.0,574.0,220.79,31.0
3506176.0,1819.6183376312256,24723.0,57.0,14.920000076293945,0.0,573.0,212.86,45.0
3538944.0,1836.5256252288818,24876.0,59.0,17.549999237060547,1.0,575.0,243.93,60.0
3571712.0,1853.6357583999634,25029.0,49.0,14.15999984741211,0.0,574.0,219.02,57.0
3604480.0,1870.439526796341,25181.0,58.0,15.069999694824219,0.0,574.0,219.85,48.0
3637248.0,1887.3436207771301,25328.0,54.0,14.850000381469727,0.0,571.0,206.18,48.0
3670016.0,1904.2979564666748,25467.0,61.0,17.780000686645508,2.0,577.0,232.25,63.0
3702784.0,1921.359783411026,25606.0,67.0,16.799999237060547,1.0,573.0,234.08,54.0
3735552.0,1938.2152152061462,25749.0,61.0,15.380000114440918,0.0,576.0,222.51,59.0
3768320.0,1955.1486701965332,25888.0,60.0,17.56999969482422,0.0,576.0,251.18,64.0
3801088.0,1972.1674020290375,26029.0,57.0,16.09000015258789,0.0,577.0,235.04,53.0
3833856.0,1989.1427052021027,26183.0,51.0,13.34000015258789,0.0,577.0,210.55,56.0
3866624.0,2005.9108393192291,26314.0,54.0,14.930000305175781,0.0,570.0,225.97,61.0
3899392.0,2022.8318920135498,26444.0,60.0,17.09000015258789,1.0,575.0,246.2,52.0
3932160.0,2039.752210855484,26589.0,57.0,16.6299991607666,0.0,577.0,235.46,45.0
3964928.0,2056.484434604645,26716.0,62.0,17.469999313354492,1.0,572.0,255.37,54.0
3997696.0,2073.252380847931,26864.0,54.0,14.989999771118164,0.0,576.0,220.44,35.0
4030464.0,2090.3520765304565,27013.0,60.0,14.90999984741211,1.0,574.0,217.37,38.0
4063232.0,2107.4017288684845,27158.0,61.0,17.850000381469727,1.0,577.0,241.6,49.0
4096000.0,2124.2932357788086,27309.0,64.0,15.720000267028809,0.0,575.0,226.07,52.0
4128768.0,2141.4017214775085,27453.0,59.0,16.68000030517578,1.0,577.0,225.69,60.0
4161536.0,2158.63672041893,27603.0,60.0,14.5,0.0,577.0,209.56,53.0
4194304.0,2175.474277973175,27756.0,59.0,14.600000381469727,1.0,576.0,204.28,28.0
4227072.0,2192.160228729248,27915.0,56.0,14.069999694824219,0.0,577.0,201.8,58.0
4259840.0,2208.940333843231,28051.0,68.0,15.149999618530273,1.0,577.0,206.58,52.0
4292608.0,2225.975895166397,28201.0,52.0,16.049999237060547,1.0,577.0,223.07,49.0
4325376.0,2242.9846367836,28355.0,60.0,16.450000762939453,0.0,573.0,219.78,51.0
4358144.0,2260.066700696945,28475.0,61.0,16.459999084472656,0.0,577.0,225.37,50.0
4390912.0,2277.3574726581573,28621.0,68.0,18.40999984741211,0.0,576.0,241.4,53.0
4423680.0,2294.479161977768,28762.0,57.0,16.520000457763672,0.0,577.0,225.19,57.0
4456448.0,2311.639247894287,28895.0,68.0,16.010000228881836,0.0,574.0,229.48,44.0
4489216.0,2328.7158427238464,29036.0,60.0,18.899999618530273,2.0,575.0,249.15,62.0
4521984.0,2345.7166352272034,29183.0,55.0,16.350000381469727,1.0,575.0,231.5,56.0
4554752.0,2362.7736418247223,29335.0,63.0,15.430000305175781,0.0,573.0,205.21,47.0
4587520.0,2379.92165350914,29471.0,53.0,18.43000030517578,0.0,577.0,239.58,57.0
4620288.0,2397.104499578476,29606.0,57.0,16.360000610351562,0.0,577.0,225.3,38.0
4653056.0,2414.03622174263,29758.0,76.0,19.920000076293945,1.0,577.0,250.73,53.0
4685824.0,2430.94061422348,29899.0,60.0,19.709999084472656,0.0,577.0,256.04,55.0
4718592.0,2448.076299905777,30031.0,58.0,15.140000343322754,0.0,574.0,216.42,51.0
4751360.0,2465.3870260715485,30176.0,59.0,18.329999923706055,0.0,577.0,248.99,56.0
4784128.0,2482.6663422584534,30317.0,63.0,17.899999618530273,0.0,577.0,230.6,52.0
4816896.0,2499.9342312812805,30446.0,70.0,18.690000534057617,1.0,577.0,251.22,53.0
4849664.0,2517.0148780345917,30573.0,57.0,18.760000228881836,0.0,577.0,252.49,59.0
4882432.0,2534.0585474967957,30698.0,56.0,18.459999084472656,1.0,577.0,242.52,57.0
4915200.0,2551.3400645256042,30837.0,66.0,20.190000534057617,0.0,577.0,265.57,23.0
4947968.0,2568.371314764023,30968.0,65.0,17.229999542236328,0.0,577.0,231.56,46.0
4980736.0,2585.362441778183,31101.0,65.0,19.469999313354492,1.0,577.0,251.07,55.0
5013504.0,2602.518457889557,31246.0,58.0,16.8700008392334,1.0,575.0,233.71,32.0
5046272.0,2619.4578096866608,31393.0,63.0,17.270000457763672,1.0,574.0,221.9,62.0
5079040.0,2636.4579906463623,31532.0,62.0,18.59000015258789,0.0,577.0,237.2,57.0
5111808.0,2653.481279373169,31676.0,66.0,18.579999923706055,0.0,576.0,235.89,57.0
5144576.0,2670.265963792801,31819.0,62.0,18.549999237060547,0.0,576.0,238.1,27.0
5177344.0,2687.1304149627686,31963.0,64.0,19.579999923706055,0.0,577.0,243.71,44.0
5210112.0,2704.2416269779205,32107.0,58.0,15.329999923706055,0.0,575.0,204.2,61.0
5242880.0,2721.312959909439,32258.0,69.0,18.450000762939453,0.0,577.0,237.75,53.0
5275648.0,2738.1131789684296,32389.0,60.0,17.34000015258789,1.0,576.0,221.62,64.0
5308416.0,2755.0613012313843,32540.0,66.0,19.31999969482422,0.0,576.0,234.33,54.0
5341184.0,2772.1419310569763,32678.0,57.0,15.65999984741211,0.0,577.0,203.11,54.0
5373952.0,2789.015771150589,32829.0,62.0,18.6200008392334,0.0,577.0,229.76,44.0
5406720.0,2805.8649439811707,32988.0,64.0,15.029999732971191,0.0,573.0,200.23,73.0
5439488.0,2822.983582019806,33114.0,62.0,16.950000762939453,0.0,577.0,213.23,14.0
5472256.0,2839.985450029373,33268.0,57.0,18.040000915527344,0.0,577.0,235.73,44.0
5505024.0,2857.040897846222,33421.0,60.0,14.930000305175781,1.0,577.0,194.53,60.0
5537792.0,2874.1195883750916,33571.0,61.0,17.100000381469727,0.0,576.0,222.19,44.0
5570560.0,2891.2591993808746,33726.0,65.0,15.859999656677246,0.0,577.0,201.81,51.0
5603328.0,2908.000982284546,33879.0,59.0,18.280000686645508,0.0,576.0,229.4,43.0
5636096.0,2925.0025930404663,34028.0,67.0,14.90999984741211,0.0,577.0,190.94,28.0
5668864.0,2942.124008655548,34163.0,66.0,20.8799991607666,1.0,577.0,247.3,55.0
5701632.0,2959.1435561180115,34313.0,68.0,21.170000076293945,0.0,577.0,248.19,50.0
5734400.0,2975.9136397838593,34450.0,68.0,20.93000030517578,0.0,577.0,248.03,50.0
5767168.0,2993.243139743805,34587.0,79.0,18.81999969482422,1.0,577.0,227.57,58.0
5799936.0,3010.3460466861725,34727.0,58.0,19.950000762939453,0.0,577.0,243.13,53.0
5832704.0,3027.3228538036346,34868.0,62.0,17.829999923706055,2.0,572.0,218.19,63.0
5865472.0,3044.21262550354,35017.0,70.0,18.450000762939453,0.0,577.0,236.11,40.0
5898240.0,3060.9356412887573,35142.0,67.0,20.3799991607666,0.0,577.0,243.72,42.0
5931008.0,3077.702301263809,35280.0,68.0,20.3799991607666,1.0,577.0,252.31,56.0
5963776.0,3095.004609823227,35411.0,65.0,19.530000686645508,2.0,577.0,243.65,33.0
5996544.0,3112.0257885456085,35539.0,67.0,20.899999618530273,0.0,577.0,250.85,62.0
6029312.0,3128.9135966300964,35683.0,65.0,21.1299991607666,1.0,577.0,253.44,54.0
6062080.0,3145.868554353714,35793.0,79.0,22.729999542236328,0.0,577.0,274.4,77.0
6094848.0,3162.857419490814,35902.0,68.0,23.360000610351562,1.0,577.0,270.61,43.0
6127616.0,3179.820872783661,36042.0,64.0,24.280000686645508,1.0,577.0,290.75,58.0
6160384.0,3196.8861875534058,36170.0,73.0,21.540000915527344,0.0,577.0,264.88,54.0
6193152.0,3213.821546792984,36307.0,64.0,19.25,0.0,577.0,234.2,59.0
6225920.0,3230.656302690506,36442.0,62.0,21.149999618530273,0.0,577.0,258.7,60.0
6258688.0,3247.469385623932,36568.0,65.0,19.829999923706055,0.0,577.0,251.71,59.0
6291456.0,3264.596502304077,36699.0,65.0,19.84000015258789,0.0,577.0,246.53,38.0
6324224.0,3281.700202226639,36838.0,62.0,20.329999923706055,0.0,577.0,246.21,69.0
6356992.0,3298.707556962967,36962.0,65.0,21.3799991607666,0.0,577.0,250.77,57.0
6389760.0,3315.9581599235535,37088.0,65.0,21.700000762939453,1.0,577.0,256.35,54.0
6422528.0,3332.901921272278,37214.0,72.0,21.510000228881836,0.0,577.0,259.19,51.0
6455296.0,3350.062384366989,37358.0,74.0,19.770000457763672,0.0,577.0,242.1,64.0
6488064.0,3367.0403006076813,37479.0,68.0,21.1299991607666,0.0,577.0,247.95,57.0
6520832.0,3383.955267906189,37600.0,74.0,22.450000762939453,1.0,577.0,266.48,69.0
6553600.0,3401.2960970401764,37718.0,75.0,23.09000015258789,0.0,577.0,268.07,53.0
6586368.0,3418.1746311187744,37866.0,69.0,21.729999542236328,0.0,577.0,260.53,60.0
6619136.0,3435.2002215385437,37987.0,67.0,19.1299991607666,0.0,577.0,234.17,69.0
6651904.0,3452.2856588363647,38128.0,73.0,22.059999465942383,1.0,577.0,261.58,70.0
6684672.0,3469.2313408851624,38248.0,60.0,16.8799991607666,0.0,577.0,216.19,60.0
6717440.0,3486.2098433971405,38385.0,66.0,20.350000381469727,1.0,577.0,247.29,46.0
6750208.0,3503.348426580429,38495.0,70.0,22.59000015258789,1.0,577.0,271.24,72.0
6782976.0,3520.2783308029175,38640.0,77.0,22.770000457763672,0.0,577.0,263.13,63.0
6815744.0,3537.233875513077,38759.0,69.0,21.899999618530273,0.0,577.0,263.27,66.0
6848512.0,3554.329197883606,38876.0,67.0,21.489999771118164,0.0,577.0,260.14,53.0
6881280.0,3571.3859374523163,39006.0,71.0,23.799999237060547,0.0,577.0,278.0,38.0
6914048.0,3588.3513190746307,39132.0,77.0,19.15999984741211,1.0,577.0,239.19,55.0
6946816.0,3605.3289816379547,39244.0,70.0,21.149999618530273,0.0,577.0,247.79,63.0
6979584.0,3622.5252521038055,39385.0,73.0,21.389999389648438,0.0,577.0,256.44,48.0
7012352.0,3639.387954711914,39507.0,62.0,21.469999313354492,3.0,577.0,260.06,79.0
7045120.0,3656.3341925144196,39630.0,64.0,21.059999465942383,2.0,577.0,263.55,60.0
7077888.0,3673.3612401485443,39752.0,66.0,22.1299991607666,0.0,577.0,263.99,37.0
7110656.0,3690.598217487335,39866.0,73.0,21.93000030517578,1.0,577.0,255.06,55.0
7143424.0,3707.374214410782,39990.0,66.0,25.489999771118164,0.0,577.0,298.66,57.0
7176192.0,3724.2147812843323,40113.0,68.0,22.719999313354492,2.0,577.0,268.8,67.0
7208960.0,3741.4674112796783,40240.0,72.0,21.229999542236328,5.0,577.0,256.31,68.0
7241728.0,3758.403509616852,40364.0,67.0,21.780000686645508,0.0,577.0,251.67,41.0
7274496.0,3775.3142716884613,40484.0,71.0,24.969999313354492,2.0,577.0,287.53,52.0
7307264.0,3792.7134985923767,40594.0,67.0,23.440000534057617,0.0,577.0,269.7,26.0
7340032.0,3809.7252542972565,40717.0,64.0,24.18000030517578,2.0,577.0,279.3,50.0
7372800.0,3826.7457160949707,40838.0,67.0,23.75,2.0,577.0,273.01,49.0
7405568.0,3844.029427051544,40960.0,68.0,22.510000228881836,0.0,577.0,264.43,46.0
7438336.0,3860.992603778839,41084.0,77.0,24.170000076293945,1.0,577.0,284.63,18.0
7471104.0,3877.8761069774628,41216.0,62.0,20.15999984741211,0.0,577.0,238.85,56.0
7503872.0,3894.8464262485504,41339.0,68.0,23.18000030517578,2.0,577.0,278.87,71.0
7536640.0,3912.1781628131866,41486.0,70.0,16.93000030517578,0.0,577.0,213.69,54.0
7569408.0,3929.2810938358307,41611.0,75.0,19.739999771118164,2.0,577.0,245.37,74.0
7602176.0,3946.3021132946014,41729.0,63.0,22.809999465942383,1.0,577.0,269.99,55.0
7634944.0,3963.6002745628357,41853.0,64.0,22.75,1.0,577.0,267.47,60.0
7667712.0,3980.3931035995483,41962.0,66.0,23.790000915527344,2.0,577.0,284.52,68.0
7700480.0,3997.240546941757,42094.0,75.0,22.149999618530273,0.0,577.0,265.94,53.0
7733248.0,4014.2676758766174,42210.0,72.0,23.709999084472656,0.0,577.0,276.96,51.0
7766016.0,4031.427067756653,42314.0,69.0,27.420000076293945,1.0,577.0,314.45,47.0
7798784.0,4048.4461455345154,42423.0,75.0,24.3799991607666,2.0,577.0,277.78,50.0
7831552.0,4065.513682603836,42528.0,72.0,27.940000534057617,0.0,577.0,322.69,19.0
7864320.0,4082.6054883003235,42659.0,77.0,23.06999969482422,1.0,577.0,271.59,57.0
7897088.0,4099.436524391174,42784.0,68.0,22.459999084472656,1.0,577.0,264.38,59.0
7929856.0,4116.149589300156,42894.0,76.0,22.860000610351562,2.0,577.0,263.01,52.0
7962624.0,4133.04320192337,43009.0,70.0,25.670000076293945,1.0,577.0,291.76,48.0
7995392.0,4149.955021381378,43128.0,72.0,25.299999237060547,1.0,577.0,291.51,51.0
8028160.0,4166.849889278412,43230.0,78.0,24.1200008392334,0.0,577.0,286.67,55.0
8060928.0,4183.852936267853,43353.0,76.0,24.700000762939453,0.0,577.0,273.86,60.0
8093696.0,4200.99850153923,43488.0,67.0,23.799999237060547,0.0,577.0,282.65,62.0
8126464.0,4217.915511131287,43601.0,66.0,22.780000686645508,1.0,577.0,265.15,52.0
8159232.0,4234.978437900543,43706.0,80.0,23.290000915527344,0.0,577.0,268.06,54.0
8192000.0,4251.946362018585,43832.0,70.0,24.0,0.0,577.0,287.27,60.0
8224768.0,4269.204550504684,43962.0,69.0,21.690000534057617,0.0,577.0,255.76,38.0
8257536.0,4286.405353307724,44091.0,64.0,20.200000762939453,1.0,577.0,247.63,54.0
8290304.0,4303.44824719429,44205.0,74.0,22.399999618530273,1.0,577.0,255.04,69.0
8323072.0,4320.363211631775,44319.0,67.0,22.739999771118164,0.0,577.0,272.42,41.0
8355840.0,4337.2525045871735,44442.0,75.0,25.149999618530273,1.0,577.0,294.95,61.0
8388608.0,4354.294066905975,44558.0,75.0,24.770000457763672,3.0,577.0,279.62,60.0
8421376.0,4371.115381240845,44676.0,69.0,24.649999618530273,2.0,577.0,282.97,42.0
8454144.0,4388.031946897507,44814.0,72.0,22.350000381469727,0.0,577.0,261.94,42.0
8486912.0,4405.041882991791,44919.0,69.0,21.059999465942383,1.0,577.0,252.11,54.0
8519680.0,4422.183757066727,45025.0,69.0,26.440000534057617,1.0,577.0,304.38,54.0
8552448.0,4439.220998287201,45157.0,64.0,21.549999237060547,0.0,577.0,263.53,64.0
8585216.0,4456.309399843216,45269.0,67.0,23.40999984741211,1.0,577.0,276.42,57.0
8617984.0,4473.710894584656,45389.0,69.0,24.43000030517578,2.0,577.0,287.29,60.0
8650752.0,4490.733940601349,45497.0,66.0,26.75,1.0,577.0,304.36,62.0
8683520.0,4508.043473958969,45608.0,75.0,25.350000381469727,0.0,577.0,285.57,55.0
8716288.0,4525.0255880355835,45731.0,63.0,22.84000015258789,0.0,577.0,273.29,54.0
8749056.0,4541.996620893478,45844.0,71.0,22.829999923706055,0.0,577.0,270.73,47.0
8781824.0,4559.061162233353,45969.0,72.0,23.989999771118164,0.0,577.0,271.39,49.0
8814592.0,4576.051563501358,46088.0,68.0,22.520000457763672,2.0,577.0,258.6,44.0
8847360.0,4593.015681505203,46194.0,66.0,26.389999389648438,3.0,577.0,298.79,42.0
8880128.0,4610.388471603394,46296.0,64.0,25.709999084472656,1.0,577.0,304.84,69.0
8912896.0,4627.668033123016,46405.0,75.0,26.799999237060547,0.0,577.0,310.04,65.0
8945664.0,4644.845572471619,46512.0,68.0,25.5,0.0,577.0,287.22,40.0
8978432.0,4662.10754942894,46638.0,76.0,25.540000915527344,0.0,577.0,288.98,57.0
9011200.0,4679.1885640621185,46748.0,66.0,24.56999969482422,0.0,577.0,285.47,55.0
9043968.0,4696.225038290024,46861.0,63.0,24.549999237060547,0.0,577.0,300.0,46.0
9076736.0,4713.510136842728,46985.0,75.0,26.229999542236328,2.0,577.0,287.57,54.0
9109504.0,4731.06053352356,47100.0,69.0,21.979999542236328,0.0,577.0,266.59,29.0
9142272.0,4748.329623937607,47216.0,68.0,25.420000076293945,0.0,577.0,291.73,57.0
9175040.0,4765.6372282505035,47321.0,72.0,23.389999389648438,1.0,577.0,279.21,37.0
9207808.0,4783.11111497879,47438.0,71.0,25.09000015258789,0.0,577.0,289.52,53.0
9240576.0,4800.141407489777,47555.0,71.0,25.93000030517578,0.0,577.0,298.09,75.0
9273344.0,4817.26030087471,47661.0,74.0,24.18000030517578,0.0,577.0,277.48,25.0
9306112.0,4834.4855864048,47772.0,75.0,28.84000015258789,0.0,577.0,334.76,74.0
9338880.0,4851.51638007164,47907.0,68.0,21.059999465942383,0.0,577.0,253.17,37.0
9371648.0,4868.529003620148,48034.0,66.0,20.149999618530273,1.0,577.0,256.3,66.0
9404416.0,4885.762510538101,48132.0,70.0,25.049999237060547,0.0,577.0,290.04,40.0
9437184.0,4902.595952749252,48240.0,70.0,27.170000076293945,1.0,577.0,323.59,71.0
9469952.0,4919.592146396637,48347.0,74.0,24.530000686645508,0.0,577.0,290.91,26.0
9502720.0,4936.678223609924,48464.0,71.0,24.479999542236328,0.0,577.0,289.33,41.0
9535488.0,4953.825015544891,48583.0,80.0,24.079999923706055,0.0,577.0,287.58,70.0
9568256.0,4970.778861284256,48702.0,70.0,24.170000076293945,0.0,577.0,281.57,57.0
9601024.0,4987.805321216583,48804.0,77.0,24.979999542236328,0.0,577.0,289.72,32.0
9633792.0,5004.935430049896,48939.0,70.0,23.860000610351562,0.0,577.0,271.76,64.0
9666560.0,5021.912578344345,49048.0,71.0,24.899999618530273,1.0,577.0,290.91,49.0
9699328.0,5038.864599943161,49151.0,67.0,25.68000030517578,0.0,577.0,302.15,40.0
9732096.0,5055.962948322296,49254.0,70.0,27.530000686645508,2.0,577.0,313.53,55.0
9764864.0,5073.08737206459,49353.0,69.0,27.93000030517578,3.0,577.0,316.29,70.0
9797632.0,5090.018872261047,49461.0,73.0,26.239999771118164,0.0,577.0,295.81,41.0
9830400.0,5106.993358135223,49577.0,71.0,28.040000915527344,1.0,577.0,318.59,49.0
9863168.0,5124.147162437439,49685.0,69.0,25.040000915527344,0.0,577.0,278.14,54.0
9895936.0,5141.201390743256,49790.0,70.0,26.18000030517578,1.0,577.0,299.89,47.0
9928704.0,5158.146328449249,49902.0,71.0,27.84000015258789,3.0,577.0,315.73,66.0
9961472.0,5175.1622405052185,49991.0,67.0,25.709999084472656,0.0,577.0,304.95,41.0
9994240.0,5192.238764762878,50108.0,76.0,27.950000762939453,0.0,577.0,319.67,55.0
10027008.0,5209.184893131256,50220.0,72.0,27.190000534057617,1.0,577.0,311.21,55.0
10059776.0,5226.107089757919,50330.0,73.0,23.760000228881836,0.0,577.0,274.87,24.0
10092544.0,5243.175622701645,50437.0,76.0,26.889999389648438,0.0,577.0,303.76,55.0
10125312.0,5260.30985045433,50543.0,67.0,26.399999618530273,1.0,577.0,295.67,61.0
10158080.0,5277.292550086975,50658.0,73.0,26.670000076293945,0.0,577.0,301.87,60.0
10190848.0,5294.304078578949,50773.0,73.0,24.760000228881836,1.0,577.0,276.61,61.0
10223616.0,5311.519241094589,50901.0,69.0,24.25,0.0,577.0,280.19,51.0
10256384.0,5328.4971532821655,51025.0,72.0,23.170000076293945,1.0,577.0,271.48,58.0
10289152.0,5345.477025270462,51140.0,69.0,23.270000457763672,0.0,577.0,271.01,57.0
10321920.0,5362.61696267128,51265.0,72.0,21.190000534057617,0.0,577.0,253.8,58.0
10354688.0,5379.717629671097,51385.0,65.0,25.8799991607666,0.0,577.0,298.8,32.0
10387456.0,5396.655718803406,51477.0,66.0,25.709999084472656,0.0,577.0,290.76,32.0
10420224.0,5413.667161464691,51593.0,72.0,28.729999542236328,0.0,577.0,318.17,57.0
10452992.0,5430.827347040176,51694.0,72.0,25.8700008392334,1.0,577.0,290.82,45.0
10485760.0,5447.765027999878,51810.0,78.0,29.8799991607666,2.0,577.0,323.55,60.0
10518528.0,5464.6635818481445,51910.0,69.0,24.450000762939453,1.0,577.0,278.68,55.0
10551296.0,5481.673858880997,52033.0,73.0,27.010000228881836,0.0,577.0,312.38,56.0
10584064.0,5498.85475564003,52141.0,66.0,22.940000534057617,2.0,577.0,266.69,57.0
10616832.0,5515.859775066376,52243.0,70.0,27.5,1.0,577.0,315.03,58.0
10649600.0,5532.795204401016,52355.0,66.0,26.399999618530273,0.0,577.0,293.78,17.0
10682368.0,5549.932863235474,52461.0,77.0,27.59000015258789,0.0,577.0,302.8,55.0
10715136.0,5567.047574520111,52596.0,73.0,23.770000457763672,0.0,577.0,272.36,67.0
10747904.0,5585.028146505356,52717.0,76.0,23.829999923706055,1.0,577.0,267.41,69.0
10780672.0,5602.73380446434,52832.0,71.0,25.0,0.0,577.0,283.43,63.0
10813440.0,5620.156014919281,52943.0,66.0,23.979999542236328,0.0,577.0,285.26,50.0
10846208.0,5637.230875015259,53052.0,65.0,25.670000076293945,1.0,577.0,299.2,69.0
10878976.0,5654.650767564774,53153.0,68.0,24.690000534057617,1.0,577.0,284.96,21.0
10911744.0,5671.564432859421,53282.0,68.0,27.440000534057617,0.0,577.0,314.04,71.0
10944512.0,5688.69678235054,53395.0,65.0,23.829999923706055,1.0,577.0,270.98,55.0
10977280.0,5705.883655548096,53492.0,73.0,28.010000228881836,3.0,577.0,308.46,89.0
11010048.0,5722.9204206466675,53606.0,72.0,28.520000457763672,2.0,577.0,319.79,41.0
11042816.0,5739.961189746857,53731.0,72.0,27.329999923706055,0.0,577.0,293.9,63.0
11075584.0,5757.184378147125,53845.0,75.0,23.18000030517578,2.0,577.0,264.19,61.0
11108352.0,5774.159628391266,53966.0,73.0,23.309999465942383,1.0,577.0,275.76,43.0
11141120.0,5791.19593167305,54079.0,72.0,25.56999969482422,2.0,577.0,299.39,65.0
11173888.0,5808.192091464996,54182.0,73.0,24.030000686645508,3.0,577.0,284.55,70.0
11206656.0,5825.247973203659,54293.0,68.0,25.260000228881836,1.0,577.0,292.33,60.0
11239424.0,5842.101150751114,54403.0,78.0,27.65999984741211,0.0,577.0,308.93,33.0
11272192.0,5859.047162532806,54510.0,69.0,26.520000457763672,3.0,577.0,299.37,62.0
11304960.0,5875.96879529953,54610.0,70.0,27.290000915527344,3.0,577.0,313.37,65.0
11337728.0,5892.701556682587,54711.0,75.0,28.520000457763672,0.0,577.0,322.78,55.0
11370496.0,5909.397217750549,54805.0,75.0,32.33000183105469,1.0,577.0,365.74,80.0
11403264.0,5926.214503765106,54931.0,68.0,23.84000015258789,2.0,577.0,282.75,63.0
11436032.0,5943.089027643204,55051.0,62.0,23.209999084472656,0.0,577.0,278.39,69.0
11468800.0,5959.830302238464,55165.0,72.0,22.579999923706055,1.0,577.0,272.68,61.0
11501568.0,5976.5646295547485,55275.0,73.0,24.40999984741211,0.0,577.0,286.72,57.0
11534336.0,5993.586721658707,55376.0,73.0,25.709999084472656,0.0,577.0,297.77,57.0
11567104.0,6010.767035007477,55494.0,67.0,26.540000915527344,2.0,577.0,306.73,58.0
11599872.0,6027.902662754059,55611.0,73.0,26.899999618530273,0.0,577.0,304.82,64.0
11632640.0,6044.974843740463,55727.0,64.0,20.770000457763672,0.0,577.0,257.86,69.0
11665408.0,6062.287494182587,55847.0,72.0,21.979999542236328,0.0,577.0,256.19,19.0
11698176.0,6079.324288606644,55965.0,74.0,26.510000228881836,2.0,577.0,306.49,57.0
11730944.0,6096.404693603516,56072.0,66.0,21.43000030517578,1.0,577.0,257.48,60.0
11763712.0,6113.479878425598,56197.0,74.0,26.649999618530273,0.0,577.0,297.64,60.0
11796480.0,6130.7369039058685,56320.0,69.0,23.559999465942383,2.0,577.0,270.84,62.0
11829248.0,6147.753955125809,56437.0,66.0,24.860000610351562,0.0,577.0,274.13,67.0
11862016.0,6164.796456336975,56534.0,70.0,26.59000015258789,1.0,577.0,295.82,65.0
11894784.0,6181.941777467728,56661.0,73.0,28.06999969482422,0.0,577.0,317.2,27.0
11927552.0,6198.84680223465,56765.0,67.0,23.479999542236328,1.0,577.0,274.01,48.0
11960320.0,6215.627517461777,56868.0,73.0,26.989999771118164,3.0,577.0,305.96,62.0
11993088.0,6232.566208362579,56974.0,71.0,26.25,0.0,577.0,301.24,66.0
12025856.0,6249.989969730377,57084.0,72.0,27.639999389648438,0.0,577.0,315.41,30.0
12058624.0,6267.428216934204,57180.0,69.0,28.149999618530273,0.0,577.0,318.02,49.0
12091392.0,6284.626138448715,57301.0,68.0,29.040000915527344,0.0,577.0,319.5,27.0
12124160.0,6301.721640586853,57407.0,65.0,24.899999618530273,1.0,577.0,287.12,57.0
12156928.0,6318.911002635956,57517.0,69.0,27.200000762939453,1.0,577.0,308.62,54.0
12189696.0,6336.021379709244,57617.0,66.0,27.399999618530273,0.0,577.0,313.36,62.0
12222464.0,6352.872541427612,57726.0,68.0,27.280000686645508,0.0,577.0,305.16,32.0
12255232.0,6369.820617675781,57825.0,73.0,26.219999313354492,0.0,577.0,301.21,55.0
12288000.0,6386.858539104462,57931.0,79.0,29.06999969482422,3.0,577.0,326.87,75.0
12320768.0,6403.9386529922485,58043.0,69.0,25.600000381469727,1.0,577.0,296.44,57.0
12353536.0,6420.744030237198,58158.0,65.0,24.90999984741211,1.0,577.0,296.77,60.0
12386304.0,6437.8159012794495,58273.0,64.0,24.610000610351562,3.0,577.0,291.46,53.0
12419072.0,6454.770404815674,58385.0,70.0,24.18000030517578,0.0,577.0,285.93,31.0
12451840.0,6471.718451499939,58481.0,70.0,28.020000457763672,1.0,577.0,325.11,61.0
12484608.0,6488.636681318283,58582.0,71.0,28.209999084472656,2.0,577.0,322.37,86.0
12517376.0,6505.82152223587,58703.0,72.0,25.56999969482422,1.0,577.0,283.86,55.0
12550144.0,6523.0011196136475,58804.0,76.0,26.1200008392334,2.0,577.0,302.08,80.0
12582912.0,6540.076966524124,58919.0,70.0,27.190000534057617,1.0,577.0,307.91,51.0
12615680.0,6557.203449726105,59039.0,75.0,23.6200008392334,2.0,577.0,279.16,63.0
12648448.0,6574.655958890915,59135.0,68.0,26.639999389648438,3.0,577.0,305.0,77.0
12681216.0,6591.734044313431,59252.0,72.0,28.170000076293945,1.0,577.0,318.6,51.0
12713984.0,6608.682685136795,59364.0,68.0,21.579999923706055,0.0,577.0,258.8,53.0
12746752.0,6625.6395037174225,59478.0,78.0,26.170000076293945,2.0,577.0,303.54,65.0
12779520.0,6642.722893714905,59578.0,71.0,27.829999923706055,1.0,577.0,312.61,58.0
12812288.0,6659.554080486298,59694.0,71.0,27.079999923706055,0.0,577.0,318.34,63.0
12845056.0,6676.623891353607,59792.0,75.0,22.81999969482422,1.0,577.0,272.41,35.0
12877824.0,6693.893438100815,59904.0,68.0,31.940000534057617,0.0,577.0,353.27,60.0
12910592.0,6711.060816049576,60009.0,71.0,26.110000610351562,0.0,577.0,288.18,66.0
12943360.0,6728.113635063171,60117.0,69.0,26.700000762939453,0.0,577.0,306.15,66.0
12976128.0,6745.22406578064,60211.0,66.0,29.18000030517578,0.0,577.0,336.22,41.0
13008896.0,6762.527811527252,60323.0,73.0,27.170000076293945,0.0,577.0,302.5,33.0
13041664.0,6779.605843305588,60434.0,68.0,24.299999237060547,1.0,577.0,297.68,55.0
13074432.0,6796.630172729492,60538.0,69.0,26.68000030517578,1.0,577.0,297.79,60.0
13107200.0,6813.73902797699,60652.0,70.0,28.139999389648438,3.0,577.0,314.59,55.0
13139968.0,6831.086663722992,60748.0,71.0,24.299999237060547,2.0,577.0,281.25,65.0
13172736.0,6848.168272256851,60871.0,70.0,28.549999237060547,0.0,577.0,323.96,63.0
13205504.0,6865.246203422546,60974.0,67.0,22.520000457763672,2.0,577.0,265.93,75.0
13238272.0,6882.47253537178,61086.0,74.0,26.56999969482422,1.0,577.0,306.12,60.0
13271040.0,6899.677331447601,61199.0,72.0,25.229999542236328,1.0,577.0,283.55,58.0
13303808.0,6916.790125131607,61302.0,71.0,27.690000534057617,0.0,577.0,311.64,60.0
13336576.0,6934.004989147186,61410.0,67.0,22.350000381469727,0.0,577.0,272.69,72.0
13369344.0,6951.372457742691,61535.0,69.0,27.59000015258789,2.0,577.0,320.97,69.0
13402112.0,6968.488049507141,61643.0,69.0,18.510000228881836,0.0,577.0,232.93,57.0
13434880.0,6985.5568590164185,61766.0,64.0,24.59000015258789,1.0,577.0,289.68,55.0
13467648.0,7002.812986135483,61883.0,71.0,23.559999465942383,0.0,577.0,276.42,64.0
13500416.0,7019.9710257053375,62006.0,66.0,24.110000610351562,1.0,577.0,289.32,73.0
13533184.0,7037.028114080429,62124.0,69.0,24.290000915527344,0.0,577.0,274.71,32.0
13565952.0,7054.105594396591,62226.0,63.0,23.299999237060547,0.0,577.0,274.81,18.0
13598720.0,7071.371115922928,62341.0,66.0,25.979999542236328,0.0,577.0,307.86,60.0
13631488.0,7088.47395324707,62442.0,68.0,24.25,0.0,577.0,275.07,60.0
13664256.0,7105.545183897018,62553.0,66.0,30.34000015258789,0.0,577.0,343.36,19.0
13697024.0,7122.67639541626,62657.0,70.0,24.100000381469727,1.0,577.0,273.7,62.0
13729792.0,7139.958638429642,62761.0,73.0,27.139999389648438,0.0,577.0,318.09,54.0
13762560.0,7157.054866313934,62876.0,70.0,25.65999984741211,0.0,577.0,295.54,34.0
13795328.0,7174.220154285431,62978.0,69.0,26.18000030517578,2.0,577.0,301.05,69.0
13828096.0,7191.554843664169,63086.0,73.0,27.09000015258789,1.0,577.0,313.89,71.0
13860864.0,7208.7396993637085,63206.0,67.0,23.34000015258789,0.0,577.0,283.15,32.0
13893632.0,7225.809292078018,63322.0,73.0,25.540000915527344,0.0,577.0,293.86,58.0
13926400.0,7242.9684455394745,63420.0,69.0,28.139999389648438,2.0,577.0,317.79,79.0
13959168.0,7260.072230100632,63534.0,72.0,24.690000534057617,2.0,577.0,287.39,59.0
13991936.0,7277.280712842941,63664.0,69.0,21.899999618530273,2.0,577.0,261.62,55.0
14024704.0,7294.609481811523,63779.0,72.0,22.110000610351562,1.0,577.0,262.2,56.0
14057472.0,7311.794672489166,63900.0,66.0,20.860000610351562,0.0,577.0,255.15,17.0
14090240.0,7329.032483816147,64016.0,68.0,24.709999084472656,0.0,577.0,300.36,37.0
14123008.0,7346.151450872421,64131.0,68.0,18.75,0.0,577.0,238.94,17.0
14155776.0,7363.214843273163,64236.0,67.0,28.510000228881836,1.0,577.0,330.42,67.0
14188544.0,7380.419400691986,64361.0,69.0,23.760000228881836,1.0,577.0,280.87,55.0
14221312.0,7397.638362169266,64450.0,64.0,24.260000228881836,0.0,577.0,288.1,58.0
14254080.0,7414.733947753906,64559.0,71.0,29.15999984741211,1.0,577.0,331.81,54.0
14286848.0,7431.790239334106,64661.0,73.0,26.979999542236328,1.0,577.0,315.29,31.0
14319616.0,7449.174978256226,64766.0,74.0,25.799999237060547,2.0,577.0,301.11,54.0
14352384.0,7466.285687685013,64886.0,70.0,26.56999969482422,2.0,577.0,310.73,60.0
14385152.0,7483.527041912079,64993.0,66.0,24.899999618530273,1.0,577.0,293.58,56.0
14417920.0,7500.728960037231,65107.0,68.0,22.549999237060547,0.0,577.0,282.85,72.0
14450688.0,7518.054965496063,65216.0,63.0,24.479999542236328,0.0,577.0,290.99,30.0
14483456.0,7535.092044830322,65327.0,70.0,25.760000228881836,2.0,577.0,298.24,66.0
14516224.0,7552.194678068161,65451.0,64.0,23.100000381469727,0.0,577.0,278.66,60.0
14548992.0,7569.417758226395,65545.0,70.0,23.229999542236328,0.0,577.0,281.04,41.0
14581760.0,7586.393777370453,65673.0,66.0,23.1200008392334,0.0,577.0,272.68,21.0
14614528.0,7603.27344751358,65789.0,73.0,23.559999465942383,2.0,577.0,268.33,57.0
14647296.0,7620.219027757645,65906.0,65.0,23.829999923706055,0.0,577.0,284.47,61.0
14680064.0,7637.341349840164,66024.0,67.0,24.75,1.0,577.0,278.0,52.0
14712832.0,7654.315712690353,66141.0,68.0,25.260000228881836,1.0,577.0,296.07,68.0
14745600.0,7671.207740068436,66250.0,70.0,23.18000030517578,2.0,577.0,275.83,49.0
14778368.0,7688.201457262039,66357.0,61.0,24.520000457763672,0.0,577.0,296.5,29.0
14811136.0,7705.4464247226715,66488.0,63.0,25.6299991607666,1.0,577.0,295.72,53.0
14843904.0,7722.481067895889,66590.0,68.0,22.469999313354492,0.0,577.0,267.08,37.0
14876672.0,7739.553373098373,66706.0,69.0,25.329999923706055,0.0,577.0,297.57,41.0
14909440.0,7756.787123918533,66823.0,72.0,27.6299991607666,1.0,577.0,303.62,60.0
14942208.0,7773.87503862381,66928.0,73.0,26.670000076293945,0.0,577.0,302.96,45.0
14974976.0,7790.888361930847,67041.0,70.0,24.790000915527344,0.0,577.0,283.16,35.0
15007744.0,7808.036817550659,67159.0,69.0,26.200000762939453,0.0,577.0,296.52,32.0
15040512.0,7825.452409744263,67264.0,67.0,27.020000457763672,0.0,577.0,305.65,54.0
15073280.0,7842.575489997864,67365.0,74.0,26.309999465942383,0.0,577.0,301.24,60.0
15106048.0,7859.627408504486,67484.0,66.0,26.8799991607666,1.0,577.0,309.25,58.0
15138816.0,7876.8279457092285,67594.0,69.0,25.860000610351562,1.0,577.0,289.61,59.0
15171584.0,7894.043571472168,67707.0,71.0,24.969999313354492,0.0,577.0,296.52,89.0
15204352.0,7911.135623455048,67811.0,66.0,23.25,1.0,577.0,279.55,61.0
15237120.0,7928.129841327667,67926.0,79.0,27.93000030517578,0.0,577.0,312.8,68.0
15269888.0,7945.362787485123,68030.0,67.0,25.40999984741211,0.0,577.0,289.31,58.0
15302656.0,7962.412160158157,68127.0,66.0,29.68000030517578,1.0,577.0,329.1,70.0
15335424.0,7979.45074057579,68231.0,72.0,32.279998779296875,3.0,577.0,348.9,75.0
15368192.0,7996.534372091293,68330.0,69.0,27.309999465942383,1.0,577.0,310.35,66.0
15400960.0,8013.729368209839,68433.0,67.0,29.670000076293945,2.0,577.0,330.69,62.0
15433728.0,8030.750673294067,68528.0,77.0,31.450000762939453,1.0,577.0,343.85,62.0
15466496.0,8047.795704126358,68632.0,72.0,27.34000015258789,2.0,577.0,329.39,55.0
15499264.0,8064.9834949970245,68745.0,68.0,25.520000457763672,1.0,577.0,300.0,34.0
15532032.0,8082.092822551727,68849.0,72.0,27.979999542236328,2.0,577.0,309.79,61.0
15564800.0,8099.108912706375,68943.0,68.0,27.450000762939453,0.0,577.0,319.5,63.0
15597568.0,8116.279783010483,69059.0,69.0,29.489999771118164,1.0,577.0,333.81,60.0
15630336.0,8133.5033593177795,69167.0,66.0,24.09000015258789,2.0,577.0,276.37,65.0
15663104.0,8150.519690752029,69269.0,68.0,26.84000015258789,0.0,577.0,306.86,63.0
15695872.0,8167.542344093323,69365.0,68.0,30.639999389648438,2.0,577.0,353.29,55.0
15728640.0,8184.755163192749,69468.0,70.0,28.290000915527344,1.0,577.0,321.27,59.0
15761408.0,8201.821642398834,69567.0,67.0,29.459999084472656,0.0,577.0,337.91,33.0
15794176.0,8218.934597969055,69678.0,73.0,28.979999542236328,0.0,577.0,330.72,53.0
15826944.0,8236.035035848618,69773.0,65.0,28.979999542236328,3.0,577.0,335.48,80.0
15859712.0,8253.33236670494,69871.0,73.0,27.639999389648438,0.0,577.0,323.73,31.0
15892480.0,8270.433779716492,69971.0,74.0,26.09000015258789,1.0,577.0,306.85,61.0
15925248.0,8287.557034015656,70081.0,68.0,27.920000076293945,1.0,577.0,321.38,68.0
15958016.0,8304.79370713234,70199.0,67.0,26.0,0.0,577.0,298.2,58.0
15990784.0,8322.359694719315,70304.0,63.0,23.010000228881836,1.0,577.0,279.1,68.0
16023552.0,8339.405162334442,70403.0,72.0,29.280000686645508,2.0,577.0,346.4,56.0
16056320.0,8356.543994903564,70497.0,71.0,28.09000015258789,0.0,577.0,332.99,57.0
16089088.0,8373.828623056412,70600.0,62.0,29.510000228881836,3.0,577.0,336.49,63.0
16121856.0,8390.99673819542,70702.0,72.0,26.959999084472656,0.0,577.0,303.13,59.0
16154624.0,8408.056944608688,70808.0,70.0,27.280000686645508,1.0,577.0,313.96,25.0
16187392.0,8425.341557741165,70900.0,72.0,31.100000381469727,0.0,577.0,356.07,66.0
16220160.0,8442.615027666092,71004.0,73.0,29.059999465942383,1.0,577.0,326.96,60.0
16252928.0,8459.70587182045,71097.0,71.0,31.81999969482422,1.0,577.0,356.48,44.0
16285696.0,8476.678600549698,71200.0,69.0,28.059999465942383,0.0,577.0,320.5,51.0
16318464.0,8493.929871320724,71289.0,70.0,28.540000915527344,0.0,577.0,341.9,42.0
16351232.0,8511.05350613594,71414.0,74.0,27.06999969482422,1.0,577.0,307.85,62.0
16384000.0,8528.195623397827,71511.0,73.0,25.799999237060547,0.0,577.0,293.03,57.0
16416768.0,8545.269188404083,71630.0,70.0,24.030000686645508,0.0,577.0,279.08,44.0
16449536.0,8562.632199525833,71736.0,70.0,25.299999237060547,0.0,577.0,297.65,65.0
16482304.0,8580.004549264908,71844.0,69.0,25.3799991607666,0.0,577.0,294.34,67.0
16515072.0,8597.393299341202,71950.0,70.0,24.75,0.0,577.0,287.91,35.0
16547840.0,8614.786818265915,72067.0,75.0,24.639999389648438,0.0,577.0,289.63,56.0
16580608.0,8632.352847337723,72182.0,62.0,28.3700008392334,0.0,577.0,331.82,59.0
16613376.0,8649.678899288177,72271.0,67.0,25.549999237060547,0.0,577.0,298.33,37.0
16646144.0,8666.763710975647,72375.0,70.0,30.010000228881836,0.0,577.0,340.3,41.0
16678912.0,8683.960085630417,72490.0,75.0,26.729999542236328,1.0,577.0,307.87,30.0
16711680.0,8701.057802200317,72595.0,72.0,27.360000610351562,0.0,577.0,309.24,60.0
16744448.0,8718.048922538757,72686.0,69.0,28.18000030517578,1.0,577.0,328.06,84.0
16777216.0,8735.255850553513,72783.0,74.0,27.729999542236328,0.0,577.0,334.61,62.0
16809984.0,8752.576165437698,72885.0,67.0,27.989999771118164,0.0,577.0,320.58,53.0
16842752.0,8769.669483423233,72994.0,70.0,27.389999389648438,0.0,577.0,320.74,52.0
16875520.0,8786.771716356277,73094.0,76.0,26.219999313354492,1.0,577.0,310.97,61.0
16908288.0,8803.984863758087,73189.0,76.0,27.920000076293945,0.0,577.0,316.17,59.0
16941056.0,8821.25342297554,73296.0,72.0,27.389999389648438,1.0,577.0,322.47,77.0
16973824.0,8838.330250263214,73393.0,76.0,27.8700008392334,0.0,577.0,322.84,26.0
17006592.0,8855.315548181534,73510.0,66.0,27.049999237060547,0.0,577.0,317.8,79.0
17039360.0,8872.448998212814,73610.0,65.0,24.389999389648438,0.0,573.0,292.8,29.0
17072128.0,8889.493702411652,73713.0,67.0,28.209999084472656,1.0,577.0,327.18,63.0
17104896.0,8906.442108869553,73808.0,69.0,27.81999969482422,0.0,577.0,319.98,57.0
17137664.0,8923.638718128204,73922.0,72.0,27.549999237060547,0.0,576.0,321.64,29.0
17170432.0,8941.049668073654,74017.0,65.0,28.6200008392334,2.0,577.0,330.35,82.0
17203200.0,8958.322939157486,74117.0,73.0,29.149999618530273,0.0,577.0,332.42,64.0
17235968.0,8975.485147714615,74217.0,79.0,29.3799991607666,0.0,577.0,325.13,29.0
17268736.0,8992.80594778061,74325.0,65.0,26.270000457763672,0.0,577.0,304.44,45.0
17301504.0,9010.162201881409,74414.0,72.0,30.059999465942383,1.0,577.0,336.27,57.0
17334272.0,9027.458869218826,74506.0,71.0,30.84000015258789,0.0,577.0,355.27,66.0
17367040.0,9044.725147008896,74604.0,70.0,29.969999313354492,0.0,577.0,349.49,29.0
17399808.0,9062.177150726318,74716.0,67.0,26.030000686645508,0.0,577.0,322.29,59.0
17432576.0,9079.433846235275,74812.0,70.0,28.09000015258789,0.0,577.0,326.51,63.0
17465344.0,9096.664023399353,74899.0,79.0,30.040000915527344,0.0,577.0,346.38,69.0
17498112.0,9114.044511318207,75008.0,68.0,27.829999923706055,1.0,577.0,328.27,56.0
17530880.0,9131.486732006073,75103.0,68.0,27.020000457763672,1.0,577.0,310.15,55.0
17563648.0,9148.756388425827,75213.0,69.0,30.299999237060547,0.0,577.0,339.3,34.0
17596416.0,9165.982371330261,75306.0,73.0,29.309999465942383,0.0,577.0,322.99,35.0
17629184.0,9183.23358631134,75400.0,70.0,27.1200008392334,0.0,577.0,308.95,65.0
17661952.0,9200.31985092163,75507.0,71.0,28.940000534057617,0.0,577.0,342.15,68.0
17694720.0,9217.355412244797,75604.0,68.0,28.020000457763672,1.0,577.0,321.69,54.0
17727488.0,9234.545372009277,75708.0,65.0,26.3799991607666,0.0,577.0,307.06,20.0
17760256.0,9251.780860900879,75803.0,70.0,29.18000030517578,0.0,577.0,337.35,27.0
17793024.0,9268.861653327942,75907.0,65.0,29.920000076293945,1.0,577.0,342.63,70.0
17825792.0,9285.91958642006,76014.0,69.0,29.010000228881836,0.0,577.0,326.42,15.0
17858560.0,9303.323734998703,76094.0,67.0,29.0,0.0,577.0,329.17,27.0
17891328.0,9320.43541431427,76198.0,69.0,29.420000076293945,0.0,577.0,338.84,35.0
17924096.0,9337.586879730225,76294.0,64.0,30.829999923706055,3.0,577.0,352.26,68.0
17956864.0,9354.675258398056,76397.0,73.0,27.860000610351562,0.0,577.0,319.99,31.0
17989632.0,9372.048282623291,76510.0,77.0,28.010000228881836,0.0,577.0,316.17,52.0
18022400.0,9389.0642786026,76601.0,75.0,29.56999969482422,0.0,577.0,339.89,32.0
18055168.0,9406.162117242813,76697.0,69.0,27.5,0.0,577.0,324.39,55.0
18087936.0,9423.409357309341,76788.0,69.0,32.25,1.0,577.0,358.72,64.0
18120704.0,9440.622068166733,76892.0,66.0,29.610000610351562,1.0,577.0,339.94,68.0
18153472.0,9457.66551041603,76989.0,65.0,28.649999618530273,0.0,577.0,329.14,30.0
18186240.0,9474.741290807724,77092.0,62.0,28.860000610351562,0.0,577.0,335.6,46.0
18219008.0,9492.0011241436,77196.0,74.0,27.510000228881836,0.0,577.0,317.89,52.0
18251776.0,9509.10815691948,77296.0,71.0,28.389999389648438,1.0,577.0,315.86,68.0
18284544.0,9526.100489616394,77400.0,68.0,25.469999313354492,0.0,577.0,302.61,52.0
18317312.0,9543.271348237991,77491.0,69.0,31.670000076293945,0.0,577.0,346.11,36.0
18350080.0,9560.519237041473,77604.0,68.0,28.270000457763672,0.0,577.0,320.48,41.0
18382848.0,9577.630371332169,77692.0,74.0,30.079999923706055,0.0,577.0,339.24,57.0
18415616.0,9594.6810567379,77801.0,70.0,27.850000381469727,0.0,577.0,318.4,53.0
18448384.0,9612.14541220665,77900.0,66.0,28.670000076293945,2.0,577.0,318.7,58.0
18481152.0,9629.365553617477,78009.0,74.0,26.56999969482422,1.0,573.0,302.39,61.0
18513920.0,9646.557405471802,78108.0,70.0,29.43000030517578,0.0,576.0,325.21,55.0
18546688.0,9663.758150100708,78212.0,78.0,27.579999923706055,0.0,577.0,321.5,59.0
18579456.0,9681.127334833145,78303.0,68.0,28.56999969482422,2.0,577.0,319.8,62.0
18612224.0,9698.318253993988,78410.0,74.0,32.689998626708984,2.0,577.0,357.47,55.0
18644992.0,9715.421320438385,78504.0,75.0,28.959999084472656,1.0,577.0,321.98,67.0
18677760.0,9732.599133968353,78613.0,74.0,27.75,0.0,577.0,312.44,39.0
18710528.0,9749.77533698082,78711.0,70.0,28.579999923706055,0.0,577.0,327.98,41.0
18743296.0,9766.82933139801,78814.0,77.0,30.200000762939453,2.0,577.0,335.31,76.0
18776064.0,9783.906786680222,78906.0,73.0,30.350000381469727,0.0,576.0,328.99,24.0
18808832.0,9801.169305086136,78992.0,69.0,30.709999084472656,0.0,576.0,351.92,69.0
18841600.0,9818.206822633743,79104.0,71.0,33.86000061035156,1.0,577.0,360.65,59.0
18874368.0,9835.234903812408,79191.0,76.0,27.90999984741211,0.0,577.0,307.26,55.0
18907136.0,9852.341634988785,79282.0,69.0,33.08000183105469,0.0,577.0,364.11,21.0
18939904.0,9869.591005563736,79375.0,70.0,31.850000381469727,2.0,577.0,349.81,65.0
18972672.0,9886.597476243973,79477.0,72.0,29.5,0.0,575.0,324.45,27.0
19005440.0,9903.63908815384,79586.0,68.0,29.8799991607666,0.0,577.0,329.37,31.0
19038208.0,9920.903058052063,79690.0,66.0,26.6200008392334,0.0,576.0,310.16,46.0
19070976.0,9938.271260261536,79798.0,69.0,25.989999771118164,0.0,577.0,298.98,23.0
19103744.0,9955.357199192047,79899.0,73.0,28.510000228881836,0.0,577.0,320.89,59.0
19136512.0,9972.63780260086,80001.0,67.0,28.790000915527344,1.0,577.0,320.62,75.0
19169280.0,9989.988604784012,80103.0,70.0,28.290000915527344,4.0,576.0,315.56,75.0
19202048.0,10007.037087917328,80194.0,72.0,30.420000076293945,1.0,577.0,325.35,66.0
19234816.0,10024.069940328598,80307.0,69.0,28.200000762939453,0.0,577.0,320.36,66.0
19267584.0,10041.260039329529,80414.0,73.0,26.709999084472656,0.0,577.0,299.38,57.0
19300352.0,10058.36662888527,80510.0,69.0,28.510000228881836,1.0,577.0,326.63,64.0
19333120.0,10075.372267246246,80599.0,73.0,31.489999771118164,4.0,577.0,344.22,69.0
19365888.0,10092.377472639084,80695.0,73.0,32.459999084472656,0.0,577.0,346.98,46.0
19398656.0,10109.585180521011,80792.0,62.0,29.329999923706055,2.0,576.0,328.63,53.0
19431424.0,10126.64492225647,80884.0,74.0,33.650001525878906,2.0,577.0,362.86,53.0
19464192.0,10143.9459233284,80985.0,71.0,31.959999084472656,1.0,577.0,336.21,66.0
19496960.0,10161.314437627792,81074.0,79.0,33.2400016784668,2.0,574.0,355.92,75.0
19529728.0,10178.650972366333,81168.0,68.0,32.43000030517578,3.0,577.0,362.04,80.0
19562496.0,10195.675486326218,81271.0,76.0,30.829999923706055,0.0,577.0,331.01,46.0
19595264.0,10212.748615026474,81368.0,74.0,28.329999923706055,0.0,576.0,311.33,25.0
19628032.0,10229.879828214645,81461.0,74.0,29.299999237060547,0.0,577.0,319.62,49.0
19660800.0,10247.120693922043,81562.0,74.0,34.369998931884766,0.0,577.0,359.02,44.0
19693568.0,10264.146219730377,81640.0,67.0,34.2400016784668,0.0,577.0,373.79,36.0
19726336.0,10281.225859880447,81733.0,76.0,35.150001525878906,0.0,577.0,366.83,47.0
19759104.0,10298.452696561813,81829.0,75.0,33.849998474121094,0.0,571.0,364.77,66.0
19791872.0,10315.292834043503,81929.0,71.0,30.459999084472656,1.0,573.0,334.87,57.0
19824640.0,10332.046592473984,82014.0,80.0,34.029998779296875,1.0,573.0,354.4,48.0
19857408.0,10349.016924142838,82110.0,70.0,32.869998931884766,1.0,564.0,354.05,55.0
19890176.0,10365.960625886917,82194.0,76.0,34.31999969482422,2.0,568.0,361.85,91.0
19922944.0,10382.753585100174,82299.0,70.0,29.989999771118164,0.0,577.0,329.89,28.0
19955712.0,10399.517355680466,82379.0,73.0,32.189998626708984,1.0,577.0,344.99,42.0
19988480.0,10416.59026837349,82477.0,75.0,35.209999084472656,1.0,561.0,378.09,40.0
20021248.0,10433.471441745758,82567.0,74.0,31.079999923706055,0.0,577.0,342.71,33.0
20054016.0,10450.326414346695,82653.0,69.0,32.45000076293945,2.0,567.0,359.53,77.0
20086784.0,10467.170867681503,82738.0,69.0,34.40999984741211,1.0,576.0,375.29,29.0
20119552.0,10484.210583209991,82832.0,69.0,33.150001525878906,1.0,576.0,355.48,39.0
20152320.0,10501.024501085281,82925.0,71.0,32.709999084472656,0.0,576.0,347.17,62.0
20185088.0,10517.825131177902,83021.0,67.0,32.33000183105469,0.0,562.0,349.21,24.0
20217856.0,10534.747627019882,83119.0,70.0,31.81999969482422,0.0,575.0,341.49,30.0
20250624.0,10551.729380846024,83212.0,72.0,33.61000061035156,2.0,570.0,373.58,71.0
20283392.0,10568.836673736572,83319.0,75.0,29.610000610351562,1.0,568.0,321.97,21.0
20316160.0,10586.110985994339,83417.0,75.0,28.579999923706055,1.0,570.0,314.66,47.0
20348928.0,10603.37584733963,83511.0,75.0,28.639999389648438,1.0,561.0,310.66,56.0
20381696.0,10620.57140493393,83610.0,75.0,33.119998931884766,1.0,564.0,350.61,45.0
20414464.0,10637.624385118484,83711.0,71.0,31.329999923706055,0.0,577.0,330.79,55.0
20447232.0,10654.872185468674,83802.0,73.0,30.709999084472656,1.0,565.0,336.11,60.0
20480000.0,10672.087968111038,83901.0,75.0,31.959999084472656,1.0,567.0,347.09,64.0
20512768.0,10689.13923239708,84000.0,73.0,29.81999969482422,0.0,576.0,320.93,65.0
20545536.0,10706.17756319046,84091.0,73.0,31.239999771118164,0.0,577.0,341.84,28.0
20578304.0,10723.607165813446,84184.0,68.0,33.630001068115234,3.0,576.0,363.14,62.0
20611072.0,10740.764759540558,84287.0,73.0,30.110000610351562,0.0,577.0,333.69,44.0
20643840.0,10757.869562387466,84374.0,72.0,32.91999816894531,0.0,577.0,353.07,66.0
20676608.0,10774.954499959946,84456.0,72.0,34.45000076293945,0.0,573.0,368.15,60.0
20709376.0,10792.232781887054,84544.0,74.0,34.560001373291016,2.0,576.0,368.75,45.0
20742144.0,10809.25086092949,84636.0,78.0,31.959999084472656,1.0,577.0,341.08,38.0
20774912.0,10826.179893732071,84743.0,74.0,31.399999618530273,1.0,576.0,332.68,67.0
20807680.0,10843.118863105774,84830.0,73.0,32.2400016784668,4.0,577.0,340.12,59.0
20840448.0,10860.078025102615,84924.0,71.0,32.720001220703125,0.0,576.0,344.51,34.0
20873216.0,10876.868753433228,85022.0,69.0,32.650001525878906,0.0,573.0,346.42,69.0
20905984.0,10893.731153011322,85112.0,77.0,33.540000915527344,0.0,577.0,347.65,63.0
20938752.0,10910.999206781387,85214.0,71.0,32.02000045776367,0.0,573.0,347.97,61.0
20971520.0,10928.0415828228,85314.0,75.0,32.66999816894531,0.0,567.0,350.3,49.0
21004288.0,10945.078249692917,85390.0,71.0,31.239999771118164,0.0,577.0,337.26,50.0
21037056.0,10962.24541592598,85485.0,70.0,35.290000915527344,2.0,570.0,364.76,64.0
21069824.0,10979.49588894844,85563.0,72.0,35.709999084472656,2.0,573.0,378.02,64.0
21102592.0,10996.526444196701,85664.0,75.0,38.27000045776367,0.0,577.0,374.99,22.0
21135360.0,11013.563415288925,85758.0,73.0,30.40999984741211,0.0,565.0,336.57,47.0
21168128.0,11030.808786153793,85846.0,80.0,34.16999816894531,1.0,577.0,360.38,46.0
21200896.0,11047.976425886154,85941.0,70.0,33.70000076293945,0.0,577.0,359.86,54.0
21233664.0,11065.023481369019,86035.0,74.0,35.56999969482422,2.0,573.0,375.17,51.0
21266432.0,11082.129251718521,86121.0,70.0,32.2599983215332,2.0,569.0,346.37,60.0
21299200.0,11099.406171560287,86209.0,71.0,32.79999923706055,0.0,577.0,343.19,29.0
21331968.0,11116.500602006912,86310.0,75.0,32.7400016784668,0.0,576.0,351.52,72.0
21364736.0,11133.561069011688,86401.0,71.0,33.9900016784668,2.0,577.0,362.43,69.0
21397504.0,11150.788621664047,86491.0,73.0,33.310001373291016,1.0,577.0,349.04,58.0
21430272.0,11167.951618671417,86575.0,75.0,36.41999816894531,1.0,570.0,381.2,30.0
21463040.0,11185.078793048859,86668.0,73.0,33.7599983215332,0.0,573.0,364.26,72.0
21495808.0,11202.076201438904,86752.0,73.0,37.36000061035156,0.0,577.0,385.34,62.0
21528576.0,11219.418992519379,86835.0,73.0,38.130001068115234,1.0,577.0,395.94,61.0
21561344.0,11236.592455148697,86930.0,70.0,33.599998474121094,1.0,576.0,359.59,55.0
21594112.0,11253.653232097626,87013.0,75.0,33.939998626708984,1.0,576.0,357.75,42.0
21626880.0,11270.705103635788,87109.0,72.0,34.34000015258789,1.0,576.0,360.77,60.0
21659648.0,11287.93661737442,87194.0,66.0,35.65999984741211,2.0,576.0,381.4,66.0
21692416.0,11304.822463274002,87270.0,74.0,39.86000061035156,4.0,573.0,405.8,79.0
21725184.0,11321.870797157288,87366.0,75.0,37.380001068115234,0.0,577.0,387.46,51.0
21757952.0,11339.02511382103,87456.0,69.0,34.81999969482422,0.0,577.0,360.98,23.0
21790720.0,11356.351946115494,87542.0,74.0,34.380001068115234,0.0,570.0,364.8,62.0
21823488.0,11373.425810813904,87629.0,79.0,37.099998474121094,2.0,577.0,387.7,69.0
21856256.0,11390.549723386765,87717.0,81.0,34.95000076293945,2.0,577.0,360.49,60.0
21889024.0,11407.807929992676,87808.0,76.0,35.5099983215332,0.0,577.0,376.46,25.0
21921792.0,11425.076834201813,87888.0,76.0,37.2400016784668,0.0,577.0,394.88,74.0
21954560.0,11442.094053983688,87983.0,70.0,35.09000015258789,0.0,576.0,367.1,60.0
21987328.0,11459.352504014969,88069.0,72.0,36.9900016784668,0.0,576.0,375.83,35.0
22020096.0,11476.575726032257,88156.0,77.0,35.16999816894531,0.0,576.0,360.07,35.0
22052864.0,11493.6695291996,88244.0,72.0,38.0,1.0,567.0,390.18,74.0
22085632.0,11510.707839012146,88332.0,75.0,37.81999969482422,0.0,576.0,385.52,17.0
22118400.0,11527.989604473114,88415.0,74.0,34.41999816894531,0.0,570.0,369.74,20.0
22151168.0,11545.088752269745,88511.0,79.0,35.34000015258789,0.0,577.0,369.44,20.0
22183936.0,11562.147064447403,88592.0,69.0,31.799999237060547,0.0,577.0,362.71,34.0
22216704.0,11579.215177297592,88684.0,77.0,38.45000076293945,0.0,577.0,385.48,68.0
22249472.0,11596.52122592926,88770.0,73.0,34.16999816894531,0.0,576.0,356.7,64.0
22282240.0,11613.528759002686,88853.0,70.0,39.31999969482422,2.0,570.0,399.53,52.0
22315008.0,11630.653798341751,88953.0,75.0,32.34000015258789,0.0,567.0,340.06,55.0
22347776.0,11647.856985569,89037.0,71.0,32.380001068115234,1.0,562.0,351.77,53.0
22380544.0,11665.114263296127,89129.0,77.0,32.77000045776367,1.0,573.0,354.88,67.0
22413312.0,11682.204375505447,89227.0,77.0,36.540000915527344,0.0,577.0,386.51,25.0
22446080.0,11699.405352592468,89302.0,77.0,36.20000076293945,0.0,570.0,372.29,53.0
22478848.0,11716.689403533936,89409.0,79.0,38.63999938964844,1.0,577.0,395.38,60.0
22511616.0,11733.838762283325,89486.0,76.0,34.2400016784668,0.0,576.0,360.17,59.0
22544384.0,11750.856902122498,89562.0,77.0,37.689998626708984,1.0,577.0,385.5,80.0
22577152.0,11768.098314523697,89655.0,74.0,38.91999816894531,2.0,577.0,388.63,67.0
22609920.0,11785.201706647873,89746.0,73.0,35.83000183105469,0.0,576.0,378.67,68.0
22642688.0,11802.267166376114,89822.0,67.0,35.209999084472656,0.0,577.0,374.96,64.0
22675456.0,11819.32103562355,89917.0,75.0,37.88999938964844,1.0,577.0,385.24,60.0
22708224.0,11836.542846679688,89999.0,70.0,32.959999084472656,1.0,576.0,356.43,55.0
22740992.0,11853.639024019241,90085.0,77.0,39.9900016784668,4.0,577.0,403.68,90.0
22773760.0,11870.737715959549,90164.0,77.0,36.66999816894531,2.0,577.0,387.39,60.0
22806528.0,11887.909263849258,90239.0,75.0,36.959999084472656,2.0,577.0,393.43,60.0
22839296.0,11905.151770591736,90338.0,70.0,37.33000183105469,1.0,576.0,391.69,46.0
22872064.0,11922.224408626556,90417.0,75.0,36.65999984741211,0.0,576.0,374.99,83.0
22904832.0,11939.27579331398,90503.0,76.0,36.029998779296875,1.0,577.0,379.15,59.0
22937600.0,11956.525649785995,90593.0,69.0,36.279998779296875,3.0,573.0,382.35,70.0
22970368.0,11973.598774909973,90684.0,70.0,34.63999938964844,0.0,577.0,364.32,23.0
23003136.0,11990.635046958923,90761.0,74.0,37.47999954223633,2.0,576.0,387.38,63.0
23035904.0,12007.745075702667,90833.0,75.0,42.150001525878906,2.0,577.0,425.29,80.0
23068672.0,12024.996182441711,90918.0,79.0,42.689998626708984,4.0,577.0,423.67,61.0
23101440.0,12042.009137153625,90987.0,72.0,38.75,4.0,576.0,414.14,93.0
23134208.0,12059.086037158966,91076.0,76.0,39.77000045776367,0.0,576.0,400.53,61.0
23166976.0,12076.34498667717,91156.0,75.0,35.2599983215332,0.0,576.0,382.75,71.0
23199744.0,12093.472244024277,91242.0,73.0,38.68000030517578,3.0,576.0,397.74,56.0
23232512.0,12110.51806640625,91338.0,73.0,36.970001220703125,0.0,576.0,379.29,27.0
23265280.0,12127.624467372894,91421.0,69.0,32.25,0.0,577.0,354.2,27.0
23298048.0,12144.936260700226,91508.0,77.0,33.619998931884766,1.0,576.0,368.62,46.0
23330816.0,12162.103122472763,91599.0,76.0,33.68000030517578,2.0,573.0,360.11,70.0
23363584.0,12179.140977144241,91675.0,76.0,36.38999938964844,3.0,577.0,386.46,83.0
23396352.0,12196.388707876205,91769.0,75.0,35.959999084472656,0.0,577.0,375.05,40.0
23429120.0,12213.620003461838,91843.0,76.0,36.15999984741211,1.0,577.0,374.31,60.0
23461888.0,12230.76351070404,91943.0,78.0,36.709999084472656,2.0,577.0,384.88,68.0
23494656.0,12247.881034135818,92028.0,73.0,33.34000015258789,0.0,577.0,358.64,65.0
23527424.0,12265.255244016647,92108.0,73.0,36.15999984741211,0.0,577.0,384.4,48.0
23560192.0,12282.334386348724,92197.0,71.0,38.59000015258789,0.0,577.0,398.06,60.0
23592960.0,12299.519879579544,92287.0,76.0,35.779998779296875,0.0,577.0,372.11,58.0
23625728.0,12316.682190656662,92370.0,76.0,34.560001373291016,0.0,577.0,375.18,42.0
23658496.0,12334.125944375992,92463.0,71.0,36.119998931884766,0.0,577.0,377.98,60.0
23691264.0,12351.294111728668,92538.0,71.0,39.4900016784668,2.0,577.0,405.42,78.0
23724032.0,12368.506729841232,92625.0,74.0,39.7599983215332,4.0,577.0,402.32,78.0
23756800.0,12385.82335281372,92715.0,75.0,38.11000061035156,0.0,577.0,395.21,67.0
23789568.0,12403.054673194885,92792.0,75.0,36.81999969482422,1.0,577.0,387.37,64.0
23822336.0,12420.073585987091,92880.0,73.0,37.540000915527344,1.0,577.0,391.89,59.0
23855104.0,12437.203268766403,92958.0,68.0,35.95000076293945,1.0,577.0,374.93,66.0
23887872.0,12454.44947052002,93057.0,73.0,38.369998931884766,2.0,577.0,406.24,54.0
23920640.0,12471.5411465168,93136.0,73.0,33.099998474121094,1.0,577.0,357.34,61.0
23953408.0,12488.647696495056,93231.0,74.0,36.18000030517578,0.0,577.0,379.13,32.0
23986176.0,12505.846716165543,93323.0,74.0,32.380001068115234,0.0,577.0,339.94,32.0
24018944.0,12522.999759197235,93412.0,71.0,33.599998474121094,1.0,577.0,361.15,51.0
24051712.0,12540.062725782394,93487.0,69.0,36.86000061035156,0.0,577.0,392.02,64.0
24084480.0,12557.13165473938,93564.0,75.0,40.11000061035156,0.0,577.0,406.29,64.0
24117248.0,12574.44870018959,93653.0,72.0,39.93000030517578,1.0,573.0,413.5,81.0
24150016.0,12591.536666870117,93721.0,74.0,37.5099983215332,0.0,577.0,391.83,82.0
24182784.0,12608.581588983536,93827.0,74.0,39.220001220703125,3.0,577.0,405.08,78.0
24215552.0,12625.684517383575,93900.0,73.0,33.91999816894531,1.0,577.0,363.2,64.0
24248320.0,12643.046164274216,93970.0,71.0,38.619998931884766,0.0,577.0,400.09,72.0
24281088.0,12660.11869764328,94064.0,78.0,42.45000076293945,2.0,577.0,427.72,39.0
24313856.0,12677.214195013046,94141.0,78.0,35.099998474121094,0.0,576.0,367.87,21.0
24346624.0,12694.496039152145,94226.0,82.0,39.72999954223633,0.0,577.0,403.43,19.0
24379392.0,12711.673909664154,94308.0,77.0,42.88999938964844,3.0,577.0,414.88,44.0
24412160.0,12728.769215106964,94393.0,81.0,40.11000061035156,1.0,577.0,397.7,64.0
24444928.0,12745.956210136414,94477.0,79.0,38.86000061035156,1.0,576.0,393.51,69.0
24477696.0,12763.353020429611,94557.0,75.0,38.470001220703125,1.0,577.0,382.06,69.0
24510464.0,12780.524555921555,94640.0,75.0,40.290000915527344,1.0,577.0,403.91,49.0
24543232.0,12797.683046340942,94720.0,74.0,37.11000061035156,0.0,577.0,393.74,79.0
24576000.0,12815.044868946075,94802.0,72.0,40.56999969482422,1.0,577.0,416.11,68.0
24608768.0,12832.329301595688,94881.0,75.0,41.529998779296875,1.0,577.0,413.22,78.0
24641536.0,12849.506365776062,94960.0,72.0,39.58000183105469,1.0,577.0,410.18,47.0
24674304.0,12866.693573474884,95046.0,68.0,38.58000183105469,0.0,577.0,394.99,47.0
24707072.0,12884.196999311447,95126.0,77.0,36.900001525878906,0.0,577.0,385.36,59.0
24739840.0,12901.587838172913,95217.0,72.0,36.400001525878906,1.0,577.0,392.54,41.0
24772608.0,12918.874436855316,95292.0,74.0,36.86000061035156,0.0,577.0,380.9,57.0
24805376.0,12936.279734611511,95386.0,73.0,38.63999938964844,2.0,577.0,396.65,49.0
24838144.0,12953.714408159256,95454.0,77.0,37.72999954223633,0.0,577.0,384.53,61.0
24870912.0,12971.018389701843,95550.0,73.0,39.209999084472656,3.0,577.0,396.54,51.0
24903680.0,12988.249419927597,95633.0,77.0,36.0,2.0,577.0,367.73,69.0
24936448.0,13005.7756690979,95716.0,72.0,38.0099983215332,3.0,577.0,397.42,48.0
24969216.0,13023.171711921692,95796.0,67.0,39.43000030517578,3.0,577.0,407.33,80.0
25001984.0,13040.494336366653,95883.0,71.0,38.7400016784668,0.0,577.0,403.42,62.0
